id,name,phone,email,country,date,salary,region,dept_id,role_id
1,Stella Drake,(405) 665-7123,neque.tellus.imperdiet@hotmail.couk,Canada,15/06/2024,905240,Punjab,4,107
2,Alan Hatfield,1-374-275-7732,augue.ac.ipsum@protonmail.com,Philippines,24/12/2023,539092,Jammu and Kashmir,3,114
3,Nathan Cooke,(373) 834-0761,mi@outlook.com,China,02/11/2024,176713,Daman and Diu,2,103
4,Phoebe Murphy,(457) 436-4674,egestas.duis.ac@hotmail.org,Pakistan,25/01/2023,748488,Andaman and Nicobar Islands,4,106
5,Joan Acevedo,(897) 426-5802,etiam.gravida@outlook.net,Indonesia,08/03/2023,81234,Punjab,3,114
6,Carol Atkins,(883) 727-2154,morbi.accumsan@yahoo.com,South Korea,15/10/2023,977720,Dadra and Nagar Haveli,3,108
7,Quamar Espinoza,1-224-216-0687,ac.feugiat@icloud.couk,Ukraine,22/06/2023,530141,Himachal Pradesh,5,109
8,Steel Hodges,1-884-675-1359,arcu.sed@google.org,Germany,02/11/2023,99054,Dadra and Nagar Haveli,3,113
9,Ori Holman,(536) 968-5255,velit.dui@outlook.edu,Vietnam,06/09/2023,615862,Odisha,1,114
10,Brett Kelly,1-326-645-2858,ultricies@icloud.ca,Canada,10/10/2024,779473,Assam,2,104
11,Doris Cannon,1-351-407-1366,nunc@protonmail.org,Netherlands,15/01/2023,711587,Uttar Pradesh,1,102
12,Amethyst William,1-648-785-2331,egestas.sed@yahoo.com,Germany,07/08/2024,219845,Tamil Nadu,2,108
13,Lucius Chaney,(355) 175-7326,a.enim@aol.edu,South Korea,24/12/2023,803203,Chhattisgarh,3,108
14,Ishmael Murphy,1-366-733-7834,justo.nec@yahoo.com,Norway,12/10/2023,257834,Jharkhand,4,106
15,Melissa Nash,1-516-388-1538,ultricies.sem@google.edu,Belgium,12/06/2024,601380,Arunachal Pradesh,4,109
16,Jonas Frost,(834) 390-3147,nunc.laoreet@icloud.ca,New Zealand,04/08/2024,501254,Meghalaya,5,106
17,Mikayla Morrison,1-613-798-8032,ridiculus.mus@google.couk,South Africa,15/11/2023,318469,Madhya Pradesh,3,108
18,Gabriel Jackson,1-260-256-1851,etiam.ligula@aol.couk,Netherlands,12/11/2023,347055,Uttar Pradesh,5,102
19,Zachary Blackwell,(777) 806-3716,nisl.elementum@aol.ca,Netherlands,08/01/2024,239590,Assam,2,103
20,Abraham Shaffer,(171) 448-5852,in@protonmail.net,United Kingdom,10/10/2023,169447,Andhra Pradesh,5,112
21,Amela England,1-582-414-1415,velit.aliquam@google.ca,Spain,16/03/2024,140057,Kerala,5,102
22,Myra Bullock,(886) 784-2253,sociis@outlook.org,Singapore,28/09/2024,324006,Chandigarh,5,112
23,Kevyn Trujillo,1-686-129-1537,non.hendrerit.id@aol.org,United Kingdom,12/01/2023,16917,Mizoram,5,105
24,Ahmed Hernandez,1-193-662-1058,purus.sapien.gravida@outlook.edu,Mexico,11/08/2023,406546,Pondicherry,4,108
25,Ginger Guthrie,(726) 134-6343,lacinia@aol.couk,Sweden,22/08/2023,186084,Andhra Pradesh,1,104
26,William Dudley,1-288-426-5948,molestie.sodales.mauris@yahoo.edu,Chile,16/09/2024,877311,Bihar,3,101
27,Kim Zamora,1-724-285-2503,praesent@protonmail.ca,Singapore,25/03/2023,624260,Dadra and Nagar Haveli,2,107
28,Sacha Santana,(163) 228-1823,enim.sed@outlook.com,Netherlands,21/09/2023,141003,Jammu and Kashmir,1,111
29,Pandora Buckley,(474) 344-4225,nonummy.ipsum.non@protonmail.com,Australia,27/10/2024,443343,Uttar Pradesh,5,111
30,Ina Santana,(374) 423-5562,metus@yahoo.couk,Mexico,04/12/2023,379341,Rajasthan,3,104
31,Cooper Beard,1-511-445-6570,ultrices@yahoo.net,South Africa,30/11/2023,822173,Uttar Pradesh,3,110
32,Berk Fernandez,(469) 480-3955,vulputate.mauris@aol.com,Austria,13/08/2023,612809,Dadra and Nagar Haveli,4,102
33,Rogan Ramsey,(916) 752-8637,nisl.sem@yahoo.net,Vietnam,28/09/2024,697587,Gujarat,5,113
34,Nathaniel Bradley,1-774-422-5172,nibh@hotmail.net,Pakistan,29/11/2024,679303,Manipur,1,102
35,Judah Green,(562) 481-1564,at.pede@protonmail.net,Germany,19/05/2023,299077,West Bengal,1,103
36,Magee Vaughan,1-925-968-8622,dictum@yahoo.org,United States,26/02/2023,569838,Manipur,5,105
37,Drew Barker,(833) 611-7936,morbi.tristique@outlook.org,India,20/09/2023,21976,Andhra Pradesh,2,114
38,Karina Goff,(660) 472-3732,vulputate.eu.odio@icloud.net,United States,18/10/2023,537119,Assam,4,103
39,Sade Whitfield,1-615-863-6301,rutrum.magna.cras@icloud.com,Chile,21/03/2024,428429,Himachal Pradesh,3,115
40,Conan Pruitt,1-797-767-7481,sapien@outlook.org,New Zealand,15/05/2023,56018,Bihar,2,112
41,Teegan Hill,(719) 624-8677,aliquet.molestie.tellus@protonmail.org,Sweden,10/12/2024,380850,Chhattisgarh,4,101
42,Declan Walter,1-274-116-0543,auctor.odio@google.org,Ireland,10/09/2024,891842,Andaman and Nicobar Islands,3,103
43,Fay Hampton,(724) 497-5236,augue@icloud.com,Indonesia,25/08/2024,390043,Tamil Nadu,3,107
44,Declan Clemons,1-505-851-3185,fusce@aol.com,Mexico,24/02/2023,11458,Manipur,2,109
45,Neve Lynn,(659) 853-2768,orci@yahoo.com,Costa Rica,19/03/2024,613835,Tamil Nadu,3,112
46,Sybil Larson,1-782-678-7479,ante.maecenas@aol.edu,Costa Rica,22/02/2024,184297,Rajasthan,2,110
47,Denton Hubbard,(947) 394-7716,eget@yahoo.edu,Turkey,15/04/2023,237438,Himachal Pradesh,2,109
48,Holly English,1-777-787-3786,egestas.urna@aol.ca,Mexico,28/03/2024,46085,Goa,1,112
49,Giacomo Cortez,(838) 672-4749,pellentesque.massa.lobortis@aol.com,Germany,13/08/2024,882263,Nagaland,4,113
50,Alea Saunders,(786) 886-0634,semper@aol.net,Italy,10/10/2024,516230,Sikkim,2,112
51,Kirby Turner,(376) 836-8281,mi.ac@aol.net,Nigeria,08/11/2024,769916,Bihar,5,103
52,Margaret Bender,1-336-585-3786,auctor.nunc@outlook.org,Belgium,13/06/2023,324852,Tripura,5,107
53,Freya Alexander,1-671-372-5298,nunc@protonmail.ca,Singapore,04/08/2023,713175,Andhra Pradesh,5,113
54,Dora Joseph,1-525-766-1428,semper.tellus@outlook.com,Brazil,23/09/2023,641958,Madhya Pradesh,2,115
55,Whoopi Kirk,1-378-577-8484,donec.feugiat@protonmail.ca,Nigeria,11/04/2024,994845,Chhattisgarh,3,105
56,Russell Walsh,1-360-396-7166,quam.vel@protonmail.net,Philippines,08/10/2023,12597,Daman and Diu,2,112
57,Malachi Lambert,(483) 721-1212,sed.molestie.sed@protonmail.edu,Norway,01/11/2023,910029,West Bengal,1,106
58,Tate Todd,1-746-685-1134,diam.duis@protonmail.couk,United States,16/01/2024,322546,Karnataka,2,113
59,Tashya Guzman,(650) 382-5059,fermentum@icloud.couk,South Korea,13/10/2023,150891,Gujarat,2,103
60,Zachary Chase,(827) 582-2516,quam.quis.diam@google.org,Vietnam,08/09/2023,532355,Andaman and Nicobar Islands,1,114
61,Uriel Robinson,1-338-455-5714,imperdiet@icloud.edu,Ireland,28/01/2023,223214,Tripura,2,114
62,Gray Douglas,1-835-224-2858,tortor.integer@aol.com,Australia,27/03/2024,772214,Pondicherry,3,115
63,Ila Dickerson,1-572-478-5813,eget.venenatis@protonmail.ca,Indonesia,11/12/2023,686746,Jammu and Kashmir,4,110
64,Felix Leon,(354) 611-6480,fringilla.ornare@outlook.org,Poland,17/10/2024,755325,Chhattisgarh,2,101
65,Baxter King,(270) 889-8181,fusce@aol.net,India,03/02/2024,119817,Uttar Pradesh,4,109
66,Sylvia Blevins,(846) 269-5766,maecenas.libero@outlook.com,Belgium,12/01/2024,808725,Andaman and Nicobar Islands,1,107
67,Jordan Schmidt,1-608-826-1632,aliquet.nec@yahoo.edu,Mexico,11/06/2023,636427,Goa,2,101
68,Piper Spears,1-723-489-7363,eu.dolor@hotmail.org,New Zealand,10/06/2023,758859,Daman and Diu,1,101
69,Phillip Knapp,1-571-682-6404,nunc.mauris@yahoo.couk,Peru,28/04/2023,683483,Dadra and Nagar Haveli,3,114
70,Bethany Dudley,1-990-672-1402,convallis.erat@icloud.ca,Philippines,26/12/2023,348613,Chandigarh,5,107
71,Laith Parks,(190) 840-0521,libero.mauris@outlook.ca,New Zealand,31/10/2023,590796,Assam,2,107
72,Claudia Bell,1-338-936-4691,lacinia@outlook.com,Spain,29/06/2024,281657,Nagaland,3,109
73,Florence Estes,(433) 339-4331,tempus.eu@hotmail.com,Colombia,20/09/2023,138182,Punjab,1,102
74,Briar Cox,1-240-322-7145,sociis.natoque.penatibus@yahoo.com,Brazil,05/02/2024,931580,Chhattisgarh,2,105
75,Walker Riley,(953) 401-5028,dictum@google.com,Norway,08/12/2024,63809,Pondicherry,2,104
76,Beverly Barnett,1-803-229-5212,magna.ut@yahoo.com,Peru,01/07/2023,567900,Daman and Diu,4,105
77,Hunter Weaver,1-565-553-9731,arcu.ac@outlook.com,South Africa,31/10/2023,711056,West Bengal,2,114
78,Alden Gilmore,(352) 896-3715,placerat.cras@yahoo.ca,Costa Rica,02/04/2024,727701,Tamil Nadu,1,114
79,Rhona Dotson,(148) 115-0263,quis.pede@hotmail.com,Chile,20/08/2024,270598,Bihar,4,107
80,Noble Cherry,(475) 840-6543,feugiat.tellus.lorem@outlook.couk,Indonesia,06/12/2023,596073,Chandigarh,3,106
81,Tatum Jimenez,(975) 647-3624,vestibulum@icloud.org,Norway,03/03/2024,119236,Assam,5,111
82,Erica Alvarez,1-177-735-6555,imperdiet.erat@outlook.com,Austria,18/05/2024,153822,Dadra and Nagar Haveli,4,103
83,Merrill Sloan,(538) 418-4448,sem@icloud.com,Australia,20/09/2023,839874,Pondicherry,3,112
84,Regan Noel,1-573-282-0845,libero.nec.ligula@icloud.com,South Africa,20/05/2024,173471,Andaman and Nicobar Islands,2,109
85,Anthony Hale,(414) 368-8004,consequat.lectus@hotmail.com,Russian Federation,16/11/2023,380794,Meghalaya,2,114
86,Kamal Dickson,1-231-905-0695,sit@outlook.org,Pakistan,17/05/2023,88400,Dadra and Nagar Haveli,4,108
87,Armand Lindsay,(353) 927-2862,mi.eleifend@icloud.net,Nigeria,27/04/2024,65013,Andaman and Nicobar Islands,2,113
88,Thomas Molina,(428) 245-8355,eros.nam.consequat@outlook.net,Mexico,11/08/2024,676016,Maharastra,2,106
89,Ivan Morse,(689) 419-2491,libero.at.auctor@google.org,Germany,15/03/2023,406735,Mizoram,2,103
90,Alice Jacobson,1-868-177-2205,neque.pellentesque.massa@aol.ca,Belgium,19/08/2024,377080,West Bengal,1,106
91,Ronan Blackwell,1-465-974-1446,cubilia.curae@aol.com,Australia,22/11/2023,874565,Gujarat,4,110
92,Rina Pace,(674) 959-6375,neque@aol.net,Ukraine,05/01/2023,400427,Uttar Pradesh,4,101
93,Wendy Fulton,(806) 236-3148,tellus.justo@hotmail.com,Singapore,08/02/2024,553817,Rajasthan,3,114
94,Wynne Burgess,(636) 832-5582,arcu@icloud.couk,Pakistan,06/01/2023,621215,Chhattisgarh,4,104
95,Fiona Moreno,(114) 146-6019,cras.convallis@yahoo.com,Poland,22/08/2023,801599,Punjab,2,111
96,Molly Booth,(870) 312-4714,ligula.eu@google.ca,South Korea,17/01/2023,833257,Lakshadweep,2,101
97,Donna Glass,1-241-153-4326,dictum.magna@icloud.net,Colombia,20/03/2024,88505,Manipur,1,113
98,Eugenia Davenport,(145) 696-3926,eleifend.vitae@aol.net,South Korea,24/11/2024,970678,Nagaland,5,101
99,Abraham Pope,(615) 478-2261,nec.euismod.in@yahoo.net,Nigeria,17/10/2023,81626,Maharastra,4,110
100,Caldwell Mathews,(812) 438-1360,ut.nec@hotmail.com,Spain,19/11/2023,381708,Assam,4,112
101,Britanni Hodge,(618) 387-5709,lobortis@google.edu,France,27/09/2023,672303,Uttar Pradesh,4,113
102,Russell Moody,(826) 458-8447,egestas.a@google.org,Peru,26/01/2023,93141,Pondicherry,2,111
103,Rhea Trevino,1-833-680-8213,magna@outlook.net,Sweden,01/04/2023,169935,Meghalaya,3,113
104,Rinah Bentley,1-148-387-1232,quisque.ac@google.com,China,29/08/2023,588282,Himachal Pradesh,3,102
105,Carl Perez,(759) 968-3154,pellentesque.eget@hotmail.net,United Kingdom,09/05/2024,745827,Punjab,3,108
106,Akeem Fulton,1-348-328-5471,quis.diam@google.ca,Russian Federation,12/02/2023,759621,Lakshadweep,3,111
107,Octavia Delgado,1-442-271-5082,libero.mauris.aliquam@protonmail.couk,Ukraine,25/02/2024,566661,Himachal Pradesh,1,104
108,Burton Adams,1-442-575-7385,risus@yahoo.net,Colombia,03/08/2024,178666,Haryana,2,108
109,Wynter Williams,1-524-286-3672,adipiscing.mauris.molestie@google.couk,Turkey,30/06/2023,672555,Maharastra,4,115
110,Ferris Patel,1-244-693-3248,sapien.nunc@icloud.edu,Russian Federation,17/09/2024,10803,Madhya Pradesh,4,113
111,Acton Wright,1-472-257-3658,phasellus@yahoo.edu,Ukraine,10/12/2024,103727,Goa,4,114
112,Salvador Gaines,(237) 351-2197,sem.eget.massa@aol.org,Spain,10/12/2024,917949,Odisha,3,106
113,Uriah Huff,(247) 789-9927,curabitur.massa.vestibulum@google.couk,Australia,09/09/2023,884634,Andhra Pradesh,3,103
114,Dante Robbins,(665) 267-5661,id.libero@yahoo.couk,South Africa,03/04/2023,577002,Nagaland,2,103
115,Kelsie Mercado,(516) 955-2367,morbi.metus@aol.edu,Philippines,12/08/2023,455295,Punjab,4,109
116,Oleg Dudley,1-120-404-4176,dui.augue.eu@yahoo.couk,Russian Federation,19/05/2024,875129,Uttarakhand,3,102
117,Jonah Sampson,1-142-768-6784,ac.arcu.nunc@protonmail.net,Poland,17/11/2023,885509,Goa,4,108
118,Libby Herman,1-764-144-2818,nisl.arcu.iaculis@outlook.edu,Philippines,01/09/2023,52311,Himachal Pradesh,2,113
119,Jana Durham,1-318-244-2652,integer.vulputate@hotmail.ca,Netherlands,11/08/2023,300338,Manipur,5,108
120,Laurel Madden,1-510-373-1254,sit@hotmail.com,South Korea,22/08/2023,914683,Dadra and Nagar Haveli,2,102
121,Aline Donaldson,(207) 334-2935,dolor@outlook.edu,Sweden,04/01/2024,237614,Chandigarh,3,114
122,Lacy Warner,1-610-681-2597,hendrerit.consectetuer.cursus@hotmail.net,Ireland,20/06/2024,361603,Jammu and Kashmir,3,104
123,Morgan Moses,(776) 426-2956,curabitur.vel.lectus@protonmail.couk,Netherlands,28/04/2023,332012,Bihar,3,110
124,Meredith Frost,1-183-553-7700,euismod.est@aol.edu,Chile,01/12/2024,397460,Jammu and Kashmir,3,108
125,Cain Whitehead,1-373-683-5635,congue.turpis.in@yahoo.ca,Pakistan,30/05/2024,139283,Jammu and Kashmir,5,109
126,Iliana Ryan,1-817-349-5115,mauris@aol.net,Vietnam,03/01/2024,215434,Jammu and Kashmir,3,107
127,Hiram Mccarty,(455) 391-1434,nam@protonmail.com,Ukraine,12/04/2024,295509,Sikkim,4,112
128,Jermaine Gray,1-265-553-0148,risus.varius@hotmail.edu,Sweden,05/12/2023,937213,Gujarat,1,110
129,Florence Blackwell,(347) 815-2147,eu@hotmail.ca,India,07/07/2023,425640,Andaman and Nicobar Islands,4,106
130,Ifeoma Huber,(788) 633-8275,mi@aol.org,Belgium,05/01/2024,957916,Maharastra,2,109
131,Samantha Frost,1-213-884-9371,tellus.eu@protonmail.ca,Netherlands,27/09/2023,541302,Kerala,3,104
132,Anastasia Richard,1-415-229-4846,gravida@icloud.com,Chile,01/03/2023,948112,Karnataka,4,106
133,Gage Fleming,(477) 232-0171,egestas@icloud.edu,Turkey,15/06/2023,70471,Rajasthan,3,110
134,Cyrus Phelps,1-561-564-2789,integer.in@icloud.couk,Sweden,29/07/2023,836103,Manipur,4,101
135,Malachi Montgomery,1-547-804-5666,velit.in@protonmail.net,Mexico,14/02/2024,406226,Goa,2,108
136,Mark Barnes,1-202-709-2852,consequat@outlook.com,Pakistan,02/04/2023,828932,Maharastra,2,110
137,Simone Durham,1-914-264-7450,morbi.quis@yahoo.org,Peru,17/10/2023,357669,Punjab,3,107
138,Minerva Colon,(438) 221-7788,facilisis.vitae.orci@outlook.ca,Peru,07/02/2024,512952,West Bengal,2,113
139,Cleo Moss,1-384-248-0287,convallis.ante@google.net,Brazil,17/12/2023,2701,Pondicherry,4,108
140,Kevin Woods,1-629-402-0587,nec.diam@hotmail.net,Poland,23/12/2022,236189,Lakshadweep,1,108
141,Alexis Holmes,(548) 658-8665,convallis.ante@outlook.edu,United Kingdom,22/05/2024,53984,West Bengal,2,112
142,Natalie Bailey,(888) 349-4343,dui.cras.pellentesque@hotmail.ca,Russian Federation,24/01/2024,827079,Sikkim,4,104
143,Iris Freeman,(831) 745-4564,molestie@aol.ca,South Korea,26/01/2024,187347,Uttarakhand,3,102
144,Moses Henson,1-453-524-4747,donec.est@yahoo.net,Poland,02/10/2024,903591,Andaman and Nicobar Islands,3,112
145,Oscar Dawson,1-691-132-7555,urna.nunc@google.edu,Singapore,29/11/2024,700962,Delhi,5,101
146,Adam Chase,(425) 338-3737,vulputate.eu.odio@aol.edu,India,20/01/2023,151840,Andhra Pradesh,2,104
147,Rebekah Carr,(774) 607-5262,a.ultricies.adipiscing@protonmail.couk,South Africa,23/07/2023,193864,Himachal Pradesh,1,114
148,Silas Sawyer,(954) 462-4451,orci.consectetuer@aol.org,Russian Federation,01/10/2023,991413,Himachal Pradesh,5,106
149,Emma Vaughan,1-252-508-0691,velit.aliquam@outlook.org,Poland,25/08/2024,192114,Karnataka,2,105
150,Basil Simpson,(836) 318-6135,et.commodo.at@aol.edu,Indonesia,10/10/2024,505665,Haryana,4,103
151,Chastity Fox,(325) 434-5602,imperdiet@hotmail.couk,Spain,13/09/2024,958926,West Bengal,3,109
152,Raphael Cochran,1-935-636-7765,felis.orci@yahoo.net,Vietnam,06/06/2023,271664,Assam,4,111
153,Cruz Dale,1-977-154-5018,elit.nulla@yahoo.org,Netherlands,14/03/2024,717050,Punjab,4,107
154,Chantale Sweet,1-768-616-7295,est@yahoo.org,Spain,01/10/2024,143472,Nagaland,3,114
155,Angela Sparks,1-457-261-9993,augue.sed.molestie@outlook.ca,Canada,19/09/2024,473669,West Bengal,4,112
156,Adam Hoover,1-768-716-8085,pede.nec@aol.ca,United Kingdom,20/06/2024,194796,Assam,2,115
157,Driscoll Jennings,1-249-798-2340,at.pede.cras@google.org,Russian Federation,03/05/2023,998992,Haryana,4,109
158,Dale Garrett,(291) 393-1597,auctor@yahoo.ca,Australia,09/09/2024,977787,Sikkim,2,115
159,Camille Riggs,(588) 242-1812,elit@yahoo.org,New Zealand,17/01/2023,301824,Uttar Pradesh,3,114
160,Tyrone Scott,(862) 339-7408,duis@protonmail.couk,Pakistan,02/05/2023,864491,Mizoram,5,107
161,Axel Douglas,(338) 445-3317,lectus.cum@outlook.ca,South Korea,28/02/2023,936408,Nagaland,5,103
162,Jelani Riley,(356) 825-7616,aliquet.lobortis.nisi@aol.ca,New Zealand,09/04/2023,47752,Gujarat,4,103
163,Chaney Acosta,1-851-234-2223,lacinia.orci.consectetuer@icloud.net,Italy,28/10/2024,491122,Sikkim,1,106
164,Ray Sweet,1-590-761-4411,donec.dignissim@icloud.ca,Costa Rica,05/12/2023,20787,Chhattisgarh,4,107
165,Arden Sykes,1-622-347-3766,tortor@hotmail.net,Poland,29/06/2024,952828,Uttar Pradesh,3,112
166,Jenna Randolph,(117) 161-1846,congue@icloud.edu,New Zealand,23/05/2023,359701,Sikkim,2,108
167,Denise Joyce,1-964-116-3462,est@protonmail.com,Spain,14/07/2023,97762,Goa,2,114
168,Kerry Fowler,1-293-834-4751,ac.mattis.ornare@google.com,Italy,06/09/2024,685076,Assam,5,102
169,Dora Davenport,1-865-211-2448,ultrices.mauris@aol.edu,South Africa,20/02/2024,649952,Uttar Pradesh,4,115
170,Louis Cooke,1-693-197-2364,ipsum@icloud.org,Mexico,04/02/2023,346832,Chandigarh,2,111
171,Mason Clay,1-753-287-8542,donec.at.arcu@icloud.couk,Chile,18/02/2024,402330,Himachal Pradesh,4,109
172,Anthony Diaz,(474) 283-7081,lorem.semper@icloud.net,Austria,02/06/2024,535467,Uttarakhand,4,108
173,Cecilia Mayer,(636) 665-9581,nunc.laoreet@yahoo.org,Germany,05/09/2023,496007,Daman and Diu,4,110
174,Cleo Joyner,1-468-582-3804,cras.dictum@hotmail.edu,Indonesia,30/03/2023,983437,Andaman and Nicobar Islands,5,109
175,Zoe Hopper,1-621-686-2385,dolor@hotmail.com,Peru,15/12/2024,216546,Lakshadweep,3,111
176,Aiko Welch,(923) 856-7886,ornare.egestas@icloud.org,Ukraine,23/02/2024,186837,Chandigarh,3,113
177,Yuri Finch,(155) 951-3216,in.cursus.et@hotmail.net,Russian Federation,25/09/2023,10467,Haryana,4,102
178,Mira Christian,1-171-888-4364,nunc.commodo@aol.ca,United States,19/01/2024,556189,Pondicherry,3,111
179,Kasimir Munoz,(688) 886-6015,curabitur.vel@icloud.couk,Austria,02/11/2024,123414,Maharastra,1,104
180,Kimberley Meyer,1-755-243-9765,porttitor.scelerisque.neque@outlook.com,Colombia,11/04/2023,630660,Jharkhand,2,102
181,Sydney Lindsey,(355) 486-3571,risus.morbi.metus@icloud.couk,Austria,23/12/2022,770399,Uttarakhand,2,105
182,Sasha Raymond,1-524-463-3801,turpis.egestas.aliquam@icloud.com,Colombia,08/06/2024,598710,Meghalaya,2,115
183,Perry Todd,1-455-218-9294,odio.etiam.ligula@outlook.com,China,28/02/2024,382294,Odisha,4,113
184,Yeo Cervantes,1-128-811-6096,eleifend.nec@google.couk,Belgium,22/02/2023,578305,Chhattisgarh,2,111
185,Iliana Coleman,(985) 646-6578,aliquam@outlook.ca,Singapore,14/02/2024,600902,Bihar,2,113
186,Harrison Brady,(331) 755-3721,proin.eget.odio@protonmail.edu,Italy,09/11/2024,148947,Andaman and Nicobar Islands,4,113
187,Harrison Holmes,1-514-235-0991,est.mollis@hotmail.com,Costa Rica,15/09/2024,537849,Andhra Pradesh,2,111
188,Alvin Mcfarland,1-765-893-9469,nec.urna@protonmail.couk,Pakistan,03/08/2023,433350,Uttar Pradesh,3,110
189,Justin Baldwin,(234) 130-7310,cras.dolor@google.org,Belgium,06/07/2023,909826,Odisha,1,110
190,Jenette Humphrey,1-343-297-5611,hendrerit@hotmail.edu,Canada,10/01/2023,367045,Assam,3,106
191,Harriet Blake,1-542-194-2185,dolor.donec@google.ca,Colombia,19/05/2023,615769,Haryana,1,114
192,Wendy Reed,1-436-778-6550,sapien@hotmail.org,Peru,14/10/2023,78400,Arunachal Pradesh,3,107
193,Emerald Clemons,(787) 436-5381,iaculis.quis@google.couk,Norway,04/03/2024,576744,Manipur,4,112
194,Aquila Ewing,1-445-852-7728,senectus.et.netus@aol.org,United States,21/10/2024,15033,Goa,3,108
195,Vielka Maynard,1-300-711-6632,posuere@protonmail.ca,Costa Rica,30/12/2022,93462,Uttarakhand,1,103
196,Deanna Mcdaniel,(203) 625-2167,morbi.accumsan@protonmail.net,Indonesia,19/07/2023,827691,Odisha,4,113
197,Roth Mcgowan,(401) 751-0047,amet.ante.vivamus@hotmail.edu,Russian Federation,19/01/2024,60752,Odisha,1,105
198,Donovan Rosales,1-365-480-3426,nisl.sem@icloud.com,Italy,03/10/2023,706445,Manipur,2,114
199,Quynn Middleton,1-811-847-4684,a.auctor.non@google.couk,Canada,29/05/2024,26314,Jharkhand,5,107
200,Dalton Wilkerson,(107) 547-2943,cursus@yahoo.edu,United States,30/01/2024,497825,West Bengal,2,114
201,Kenneth Alvarado,(990) 943-9657,parturient@google.net,Ukraine,13/10/2024,562062,Lakshadweep,3,113
202,Yasir Macdonald,1-485-913-1516,eros.nec@protonmail.ca,Austria,11/07/2023,571262,Nagaland,5,109
203,Briar Torres,1-751-252-2967,bibendum@aol.edu,Ireland,24/06/2023,663116,Haryana,3,111
204,Leonard Nixon,(273) 765-1145,fusce.fermentum@google.org,Singapore,22/07/2023,188639,Delhi,2,107
205,Connor Jones,(208) 830-6729,natoque.penatibus.et@icloud.couk,Russian Federation,14/11/2024,833314,Chandigarh,4,109
206,Lawrence Poole,(637) 354-2843,quisque@hotmail.net,Nigeria,03/03/2023,169208,Sikkim,4,113
207,Autumn Forbes,(405) 746-5602,sapien@protonmail.net,Ireland,01/09/2023,368946,Manipur,1,102
208,Alec Gordon,(983) 543-8240,neque.in@aol.com,Belgium,02/06/2024,646590,Tamil Nadu,2,108
209,Ronan Sanchez,(338) 927-8341,arcu.vivamus.sit@outlook.org,United States,23/08/2023,929535,Andhra Pradesh,2,102
210,Adena Molina,(617) 264-0787,velit.eget.laoreet@google.couk,Russian Federation,01/02/2023,207342,Assam,2,105
211,Yvette Butler,(226) 751-1243,quam.vel.sapien@yahoo.edu,Canada,17/12/2023,678846,Mizoram,4,109
212,Sandra Fry,1-987-271-5837,at.egestas@outlook.net,Netherlands,17/02/2023,257023,Karnataka,3,105
213,Jacqueline Merritt,(184) 384-2784,neque.nullam@google.ca,Australia,01/12/2024,949978,Lakshadweep,4,107
214,Nina Jarvis,1-286-628-7331,nulla.eu@icloud.net,Netherlands,24/05/2023,25488,West Bengal,2,103
215,Clarke Mcdonald,1-132-534-4595,purus.gravida@yahoo.edu,Sweden,09/12/2023,413335,Uttarakhand,3,112
216,Allegra Bradley,(622) 697-4897,malesuada@protonmail.couk,Sweden,28/11/2023,35653,Kerala,3,104
217,Inga Fuentes,(726) 567-7215,non.leo@outlook.couk,Ukraine,09/10/2024,603498,Mizoram,4,104
218,Melissa Lara,(538) 991-4257,hendrerit@google.net,China,16/01/2023,991435,Gujarat,4,101
219,Fulton Massey,(596) 383-6465,auctor@hotmail.net,Sweden,27/08/2024,866195,Meghalaya,4,113
220,Camille Carrillo,(264) 816-7568,dis@protonmail.com,Mexico,07/09/2024,835367,Punjab,2,108
221,Plato Aguilar,(752) 799-1532,semper.pretium@yahoo.ca,South Korea,26/05/2023,183618,Meghalaya,4,104
222,Kylynn Faulkner,1-670-886-8586,dictum.augue.malesuada@outlook.edu,Ireland,14/11/2023,682335,Haryana,3,101
223,Kibo Harrington,1-352-711-6946,ullamcorper@yahoo.ca,Nigeria,28/09/2023,210596,Mizoram,1,104
224,Harriet Haynes,(115) 969-2515,sollicitudin.a@protonmail.com,Peru,12/12/2024,161531,Jammu and Kashmir,2,110
225,Nasim Franks,1-922-567-1778,lorem.ipsum.dolor@hotmail.org,Norway,17/12/2023,991697,Daman and Diu,2,110
226,Steel Simmons,1-566-686-3688,donec.consectetuer.mauris@icloud.ca,Ireland,15/08/2024,160842,Haryana,4,109
227,Kibo Hyde,(419) 598-9203,porttitor.eros.nec@aol.edu,Pakistan,22/04/2023,656659,Chhattisgarh,5,115
228,Carson Garrison,1-774-897-5325,nam@aol.com,Mexico,01/08/2023,175179,Jammu and Kashmir,4,111
229,Phillip Herman,1-413-173-3032,aenean.euismod@outlook.org,Germany,24/11/2023,410532,Jammu and Kashmir,5,108
230,Jael Cline,(492) 827-9374,quisque.imperdiet.erat@outlook.couk,South Korea,28/11/2024,954158,Andaman and Nicobar Islands,4,112
231,Noah Becker,(342) 446-1728,placerat.cras.dictum@protonmail.edu,Ukraine,01/06/2023,652663,Chhattisgarh,2,112
232,Alan Dawson,1-467-486-1424,erat.vel@icloud.com,Canada,13/06/2024,687965,Kerala,5,114
233,Coby Gonzalez,(691) 838-8887,eros.proin@outlook.org,France,02/12/2024,833271,Meghalaya,2,105
234,Kirby Browning,1-654-539-6747,penatibus.et@icloud.couk,Spain,15/01/2024,308945,Andaman and Nicobar Islands,3,105
235,Harlan Sexton,1-118-825-2384,eu.nibh@yahoo.couk,Mexico,13/03/2024,855585,Manipur,4,102
236,Sandra Wallace,(265) 732-4102,adipiscing.lacus.ut@outlook.org,Italy,03/03/2024,642557,Sikkim,3,104
237,Summer Reilly,(357) 593-3652,ipsum.dolor@outlook.ca,Belgium,06/03/2023,781998,Pondicherry,2,107
238,Forrest Espinoza,(885) 614-1164,suspendisse@outlook.org,Norway,11/09/2024,901501,Tripura,3,112
239,Savannah Frazier,(451) 823-1670,phasellus@hotmail.couk,Belgium,09/07/2023,436210,Himachal Pradesh,1,112
240,Tara Koch,1-114-783-2247,diam.eu@outlook.ca,Vietnam,18/09/2024,458301,Meghalaya,4,110
241,Kirestin Randolph,1-813-947-6388,cursus.diam.at@google.org,Canada,16/03/2024,198957,Jharkhand,1,102
242,Byron Mejia,1-143-854-4565,cum.sociis@protonmail.couk,Costa Rica,22/02/2023,115840,Mizoram,1,102
243,Quamar Burks,1-127-739-2232,suspendisse@icloud.couk,South Korea,09/11/2023,460934,Assam,4,112
244,Kadeem Collier,(392) 681-7592,malesuada.vel@aol.couk,Pakistan,13/03/2023,564290,Pondicherry,4,114
245,Hedy Lancaster,(704) 152-8875,dolor.sit.amet@yahoo.couk,Netherlands,11/11/2024,170045,Delhi,3,105
246,Kellie Moreno,(851) 235-3684,proin@protonmail.org,Pakistan,11/01/2024,653155,Gujarat,4,109
247,Chanda Tucker,(566) 373-4548,phasellus@protonmail.com,New Zealand,05/09/2024,909513,Pondicherry,4,112
248,Keefe Drake,1-167-658-3683,feugiat.sed@aol.ca,Norway,06/10/2023,81026,Dadra and Nagar Haveli,3,104
249,Isadora Lamb,1-645-336-6282,vel.convallis@icloud.org,Poland,31/08/2024,593471,West Bengal,2,111
250,Erin Pace,1-712-428-0098,nec.ante@google.edu,Peru,18/12/2023,296463,Gujarat,2,112
251,Charlotte Watts,(535) 818-0449,nunc.ullamcorper@hotmail.edu,Singapore,23/11/2024,512168,Andhra Pradesh,5,102
252,Wesley Sargent,(311) 959-4816,sem@hotmail.org,South Korea,22/04/2023,340046,Tripura,5,103
253,Cecilia Emerson,(561) 296-8715,ligula.tortor.dictum@aol.couk,Nigeria,14/02/2023,611476,Pondicherry,5,109
254,Ariana Decker,1-753-481-6712,euismod.est@outlook.couk,Costa Rica,13/05/2023,258119,West Bengal,4,109
255,Channing Fowler,(434) 837-8068,vitae.mauris@aol.com,Turkey,18/01/2023,757745,Haryana,3,112
256,Keefe Gonzalez,(764) 676-5712,amet.risus.donec@outlook.ca,Turkey,08/01/2023,148010,Odisha,4,114
257,Yuli Hamilton,1-575-870-6891,sed.congue@aol.couk,Italy,10/07/2023,372628,Tamil Nadu,4,115
258,Chaim Church,1-259-871-3885,pharetra.felis.eget@outlook.couk,Chile,22/10/2024,669985,Tamil Nadu,3,106
259,Ainsley Joseph,1-685-237-5771,blandit.congue.in@google.ca,United States,16/11/2023,759744,West Bengal,2,114
260,Cameran Alston,(380) 614-8742,in@yahoo.edu,New Zealand,10/03/2023,243993,Uttarakhand,2,111
261,Renee Small,1-519-887-7211,class@yahoo.com,Mexico,03/07/2024,423615,Goa,4,110
262,Craig Barnett,(788) 316-2339,magna.malesuada@protonmail.ca,Norway,10/08/2023,916796,Rajasthan,4,106
263,Dahlia Ashley,(661) 647-5861,quis@protonmail.org,Nigeria,30/12/2022,51634,Haryana,4,109
264,April Shannon,(321) 165-6741,dictum.proin@hotmail.net,Colombia,08/11/2023,276765,Punjab,2,106
265,Kitra Pearson,1-516-408-7213,vitae@protonmail.net,Russian Federation,21/10/2023,578784,Maharastra,5,104
266,Conan Mckee,1-386-117-4231,nulla.interdum@aol.net,China,19/01/2024,75776,Pondicherry,3,113
267,Keefe Hansen,1-423-966-6824,tortor.nibh@protonmail.ca,South Korea,31/05/2023,158180,Meghalaya,2,110
268,Cheryl Tillman,1-982-829-7498,lacus.mauris.non@outlook.org,Turkey,15/07/2024,138644,Karnataka,3,103
269,Austin Glenn,1-327-853-7356,odio.tristique@yahoo.couk,United States,31/03/2023,983547,Bihar,4,107
270,Lars Johns,(452) 243-8955,aliquet.molestie.tellus@icloud.net,Indonesia,14/02/2024,437517,Karnataka,1,115
271,Geraldine Mathis,1-495-153-7763,nullam.enim.sed@google.edu,Colombia,08/10/2023,49913,Meghalaya,4,107
272,Zeph Rowland,1-808-607-5760,quam.dignissim@icloud.couk,Ireland,07/08/2024,491630,Mizoram,2,114
273,Yetta Frazier,1-866-542-9244,non.bibendum@yahoo.edu,Canada,08/10/2024,886946,Gujarat,2,110
274,Felix Cantu,(253) 523-6344,a.scelerisque@protonmail.com,Colombia,18/04/2024,80880,Dadra and Nagar Haveli,3,113
275,Ronan Blanchard,1-461-446-8571,elit.pretium@protonmail.couk,Colombia,20/09/2024,593736,Maharastra,3,105
276,Silas Garcia,1-317-798-3504,quis.accumsan@google.couk,Brazil,13/03/2024,908528,Rajasthan,4,109
277,Kyra Wilson,(253) 718-1456,molestie.orci@google.org,Mexico,16/10/2023,267344,Chandigarh,3,108
278,Idona Mcbride,(843) 245-8738,ipsum@icloud.org,New Zealand,12/04/2024,626479,Arunachal Pradesh,2,112
279,Kennan Kim,1-373-477-4851,velit.in.aliquet@google.net,France,30/04/2024,877073,Punjab,3,102
280,Bruno Gardner,1-976-144-3561,natoque.penatibus.et@icloud.com,Poland,22/05/2024,340933,Punjab,3,114
281,Oliver Cunningham,(836) 656-1824,sed.eu@google.net,Ireland,03/12/2024,859709,Chandigarh,5,105
282,Stella Davidson,1-745-800-3927,libero.dui@google.org,China,08/12/2023,622180,Maharastra,3,105
283,Mechelle Ross,1-599-265-4261,adipiscing.elit@google.edu,Poland,11/07/2023,370780,Punjab,3,114
284,Ashton Farrell,1-767-359-3064,laoreet@aol.com,France,29/09/2023,671277,Pondicherry,5,110
285,Kevyn Harrington,(169) 181-3334,ante.dictum@hotmail.edu,Italy,07/12/2023,948790,Pondicherry,2,104
286,Tanek Ferrell,(674) 867-4643,enim.diam@aol.couk,China,17/07/2023,300483,Goa,1,108
287,Tatyana Gilliam,1-538-110-8796,magna.nam@hotmail.org,Peru,18/03/2024,5726,Mizoram,3,104
288,Fredericka Lewis,(785) 520-2327,dui.semper@icloud.net,Indonesia,10/11/2024,50472,Chhattisgarh,4,108
289,Buckminster Malone,(853) 492-2636,malesuada.vel@yahoo.net,Russian Federation,05/12/2024,551419,Uttar Pradesh,2,108
290,Mason Hayes,(973) 775-1778,amet.faucibus@icloud.com,Peru,12/01/2024,610274,Gujarat,3,110
291,Igor Waters,1-533-995-6488,nec.urna.et@hotmail.couk,Spain,13/08/2023,260952,Jharkhand,4,109
292,Bo Aguirre,1-267-618-2015,dolor.fusce@outlook.net,Chile,28/11/2023,159558,Tripura,5,102
293,Yvette Wright,(898) 711-4368,mauris.eu.turpis@aol.com,Nigeria,27/02/2024,328228,Punjab,3,109
294,Hammett Barry,1-517-218-5761,mauris@icloud.net,Australia,25/12/2023,795239,Andhra Pradesh,3,114
295,Unity Mcguire,(559) 280-2685,egestas.fusce@aol.org,Philippines,14/08/2023,715482,Nagaland,4,109
296,Dacey Goodwin,(619) 223-3348,nam.consequat@google.net,Belgium,05/09/2023,582809,Uttarakhand,4,107
297,Travis Beck,1-499-657-1137,vulputate.eu.odio@icloud.com,New Zealand,03/09/2023,772471,Chhattisgarh,4,109
298,Branden Holman,1-715-688-7065,nisi.aenean.eget@yahoo.com,New Zealand,29/06/2023,853362,Daman and Diu,2,103
299,Boris Mckee,1-441-361-7761,amet.risus@outlook.ca,Poland,13/10/2024,394639,Haryana,2,113
300,Diana Sims,1-779-741-5217,at@aol.ca,South Korea,06/12/2024,808862,Meghalaya,3,104
301,Sigourney Perez,1-518-683-2688,nunc@outlook.couk,New Zealand,10/06/2023,188649,Uttarakhand,4,111
302,Larissa Roberson,1-538-843-8661,fringilla.purus.mauris@protonmail.net,Canada,27/10/2023,844961,Kerala,3,109
303,Iris Rodriguez,(793) 274-2852,ligula.eu.enim@protonmail.com,Spain,05/01/2024,830309,Andhra Pradesh,2,111
304,Fiona Mcintosh,(738) 650-5665,posuere@aol.edu,Germany,28/04/2024,856532,Meghalaya,2,101
305,Duncan Hester,(779) 154-2080,nec@icloud.couk,Singapore,01/11/2023,353944,Tripura,1,103
306,Zenaida Deleon,(956) 215-5712,turpis.nulla.aliquet@hotmail.net,Nigeria,13/06/2023,682933,Rajasthan,4,104
307,Roth Huber,1-510-744-5189,arcu@google.edu,Colombia,17/05/2023,879957,Uttarakhand,3,104
308,Jermaine Cooke,(803) 621-1986,egestas.fusce@protonmail.edu,Chile,10/05/2024,755469,Odisha,2,110
309,Cruz Duffy,(589) 850-5081,lacinia.orci@aol.edu,Brazil,15/12/2024,566252,Bihar,3,114
310,Ignacia Moses,(257) 888-2568,diam.pellentesque.habitant@outlook.com,United Kingdom,28/04/2024,405519,Gujarat,4,104
311,Mariko Carson,1-622-917-8778,sociis.natoque@aol.com,Ukraine,10/12/2023,335896,Meghalaya,2,108
312,Pearl Shepherd,(478) 217-2418,suspendisse.ac@protonmail.org,Vietnam,15/09/2024,584520,Delhi,2,108
313,Finn Serrano,(858) 234-5870,consectetuer@google.couk,Austria,02/10/2024,187210,Arunachal Pradesh,5,109
314,Jesse Schneider,1-585-716-1422,dolor@aol.org,France,04/06/2023,811691,Chhattisgarh,5,106
315,Ryan Bennett,1-701-294-9244,convallis.dolor@protonmail.com,Peru,07/07/2023,342998,Gujarat,3,105
316,Jakeem Morris,1-541-719-2557,mauris.a.nunc@protonmail.net,India,14/02/2023,213042,Tripura,4,114
317,Susan Chase,1-283-852-1867,tincidunt.nibh@icloud.com,Russian Federation,03/05/2023,748272,Andhra Pradesh,2,113
318,Kyle Pollard,1-663-773-6381,ut.cursus@icloud.ca,South Korea,07/07/2024,325452,Tripura,4,107
319,Delilah Leon,(913) 834-5853,nam@yahoo.org,Norway,20/06/2024,986073,Delhi,2,107
320,Raphael Key,(792) 391-8014,risus.donec.egestas@hotmail.net,New Zealand,28/09/2023,992347,Gujarat,5,102
321,Ahmed Richardson,1-555-337-2188,arcu.vel@yahoo.net,Russian Federation,25/07/2024,669942,Pondicherry,3,104
322,Wendy Faulkner,1-770-474-3643,donec.vitae@hotmail.net,South Korea,13/10/2023,717406,Madhya Pradesh,4,113
323,Katell Walsh,1-403-554-4462,diam.lorem.auctor@outlook.edu,Singapore,24/02/2023,865774,Kerala,2,114
324,Amal Walton,(356) 431-1814,sit@icloud.edu,Sweden,07/12/2024,818095,Jammu and Kashmir,2,114
325,Jerome Burke,1-231-615-7111,dolor.sit@outlook.edu,Netherlands,29/12/2022,23588,Mizoram,2,105
326,Colin Dawson,1-515-383-2352,donec.egestas@protonmail.net,Brazil,13/08/2024,238900,Lakshadweep,2,112
327,Wyatt Bernard,1-628-383-8137,tempus@protonmail.org,South Africa,13/01/2024,837229,Andaman and Nicobar Islands,3,105
328,Anastasia Travis,1-578-228-2546,senectus.et@protonmail.edu,Netherlands,10/10/2024,221989,Chhattisgarh,5,106
329,Zelda Olsen,1-777-355-2485,lectus.convallis@outlook.net,Chile,30/05/2024,828077,Madhya Pradesh,2,102
330,Conan Lloyd,1-622-657-3246,etiam@outlook.com,Singapore,01/08/2024,179563,Himachal Pradesh,5,110
331,Leila Ramsey,1-781-235-6043,nostra.per@outlook.edu,Australia,15/10/2023,686288,West Bengal,2,104
332,Daria Levine,(423) 245-9368,etiam.bibendum@protonmail.net,Indonesia,04/09/2023,509976,Uttarakhand,5,107
333,Hedy Henderson,1-652-128-4614,libero.nec.ligula@hotmail.couk,Belgium,18/10/2023,452946,Punjab,5,103
334,Roary Hoover,1-888-681-9756,dignissim@protonmail.couk,Sweden,23/06/2024,872982,Meghalaya,3,103
335,Hillary Ward,1-763-373-1180,semper.cursus@aol.com,United States,05/07/2023,449005,Assam,4,109
336,Louis Paul,(592) 722-7354,ultricies.ornare@outlook.com,Costa Rica,10/10/2023,107226,Tamil Nadu,4,102
337,Eve Stafford,1-310-251-2396,fusce.mollis.duis@yahoo.edu,Colombia,28/03/2023,9649,Bihar,3,103
338,Benedict Pollard,(617) 501-8854,nam.consequat@yahoo.edu,Costa Rica,10/09/2024,360565,Jharkhand,5,104
339,Shay Mills,1-417-354-2414,ridiculus.mus@icloud.com,Russian Federation,15/10/2023,768691,Karnataka,4,109
340,Maxine Butler,(716) 400-2153,quisque@outlook.ca,Australia,27/08/2024,416138,Goa,1,115
341,Alice Rogers,(343) 300-8686,eleifend@hotmail.com,Netherlands,15/04/2023,986978,Assam,1,111
342,Jermaine Cooley,1-276-772-2734,curabitur.consequat@icloud.ca,Germany,21/04/2023,195970,Dadra and Nagar Haveli,5,106
343,Drew Benton,1-718-849-3498,nunc@google.couk,Singapore,11/04/2023,902151,Andhra Pradesh,2,106
344,Karina Herrera,1-241-365-5823,etiam.ligula.tortor@hotmail.couk,Germany,07/08/2023,517775,Rajasthan,2,109
345,Barrett Whitfield,(447) 612-5748,quisque.libero.lacus@yahoo.ca,Poland,27/12/2022,92391,Tamil Nadu,2,114
346,Kyle Collins,1-385-720-4721,tellus.suspendisse@outlook.couk,Russian Federation,03/01/2024,448752,Himachal Pradesh,2,102
347,Ezra Cummings,1-267-451-1461,mi.ac@protonmail.couk,Turkey,18/03/2024,39976,Bihar,3,104
348,Lareina Luna,(371) 754-8181,amet.dapibus@outlook.ca,Indonesia,13/07/2024,761847,Chhattisgarh,3,110
349,Janna Jacobs,1-344-472-2645,quis.diam.pellentesque@outlook.net,South Africa,05/11/2023,974981,Maharastra,4,108
350,Nero Osborne,1-567-632-7951,integer@icloud.net,Nigeria,17/08/2024,727752,Uttar Pradesh,3,111
351,Tanner Kelly,(784) 646-5160,arcu.sed@icloud.net,India,05/10/2024,288743,Haryana,4,101
352,Veronica Watts,(753) 787-9155,elementum.lorem@protonmail.edu,Belgium,24/11/2023,910771,Meghalaya,2,101
353,Fitzgerald Lee,(232) 193-7168,quis.accumsan@protonmail.com,Nigeria,13/10/2023,429347,Jammu and Kashmir,2,112
354,Violet Hopper,(203) 482-6808,eu@google.org,Russian Federation,11/10/2024,817708,Karnataka,2,113
355,Lani Thompson,(123) 243-6637,eu.turpis.nulla@aol.edu,Vietnam,03/05/2023,995034,Tripura,2,105
356,Patricia Perry,1-229-832-5346,cursus.a@icloud.edu,Belgium,02/06/2024,509135,Sikkim,4,109
357,Alisa Cook,1-319-614-3833,pellentesque.ut@protonmail.edu,Netherlands,15/07/2024,542669,Odisha,3,105
358,Mari Solis,(182) 451-3341,ornare.sagittis.felis@hotmail.com,United States,24/04/2024,629769,Odisha,3,110
359,Jerry Sears,1-461-379-2667,ante.blandit@outlook.ca,Italy,03/09/2024,582508,Nagaland,2,101
360,Felix Brennan,(788) 225-2526,morbi@protonmail.edu,Chile,30/08/2023,750218,Nagaland,2,101
361,Rinah Hartman,1-114-361-7786,velit.in.aliquet@yahoo.com,France,18/01/2024,977509,Tripura,1,110
362,Walter Schneider,1-860-711-6717,sapien.molestie.orci@yahoo.couk,Poland,18/07/2023,678087,Pondicherry,2,113
363,Quintessa Faulkner,1-826-763-3103,metus.aliquam.erat@yahoo.net,Spain,17/12/2022,483026,Tripura,4,105
364,Patricia Mendez,1-652-776-7830,tempus@protonmail.org,Philippines,08/10/2024,70141,Jammu and Kashmir,5,103
365,Amy Bentley,1-153-614-8223,interdum.curabitur@hotmail.couk,Belgium,28/12/2022,822486,Chandigarh,1,104
366,Nyssa Cabrera,1-205-348-1147,vel.quam.dignissim@protonmail.org,Netherlands,10/02/2023,789137,Jharkhand,2,112
367,Shannon Combs,1-192-195-7332,eleifend.egestas@yahoo.com,Singapore,21/04/2024,578190,Meghalaya,5,114
368,Barclay Waters,(505) 579-7265,morbi.tristique.senectus@protonmail.edu,Poland,28/06/2023,32503,Chandigarh,2,112
369,Fuller Hobbs,(538) 723-7567,donec.egestas@protonmail.ca,Canada,06/12/2023,412508,Odisha,5,110
370,Craig Carroll,1-572-654-1136,fames@outlook.org,South Korea,15/12/2024,375864,Arunachal Pradesh,5,108
371,Thaddeus Cole,1-830-562-7520,duis.gravida.praesent@yahoo.com,Poland,26/10/2023,511012,Haryana,4,112
372,Porter Herman,(165) 708-8646,nulla.cras@aol.com,Indonesia,22/08/2024,356834,Kerala,3,106
373,Hayes Velez,1-575-632-2787,metus.sit.amet@google.net,Spain,09/02/2024,181808,Tripura,2,107
374,Shana Bowman,(367) 119-1212,quam@icloud.org,Philippines,31/12/2022,88845,Andaman and Nicobar Islands,1,105
375,Madeline Chang,(628) 891-5582,sollicitudin.a.malesuada@outlook.com,Germany,11/05/2023,997125,Sikkim,1,108
376,Brett Mckee,(770) 203-1459,diam.luctus@outlook.com,Ireland,14/09/2023,404135,Mizoram,4,111
377,Sierra Solis,1-441-275-5989,justo@protonmail.couk,Peru,15/09/2024,418451,Jammu and Kashmir,2,110
378,Kaitlin Lewis,(851) 509-5253,dui.nec@aol.couk,Sweden,27/06/2024,938467,Assam,1,115
379,Madeson Waters,(666) 736-4732,est.ac@aol.ca,Germany,30/03/2024,326466,Dadra and Nagar Haveli,4,112
380,Bernard Benson,1-186-607-6761,mi.lacinia.mattis@yahoo.couk,Belgium,29/05/2024,906760,Dadra and Nagar Haveli,5,106
381,Bryar Kent,(454) 130-1966,nam@icloud.com,Indonesia,21/07/2024,998412,Nagaland,3,113
382,Noel Bowman,(250) 682-0398,et@aol.couk,Philippines,05/02/2024,582948,Assam,1,110
383,Shellie Edwards,1-417-527-3755,lacinia@icloud.ca,Ukraine,10/03/2024,296691,Tripura,4,104
384,Ignacia Flynn,(745) 315-5772,sollicitudin.orci.sem@aol.couk,Ukraine,11/04/2024,347032,Himachal Pradesh,2,112
385,Knox Meyers,1-313-996-3811,ac@yahoo.net,China,26/06/2023,776717,Rajasthan,5,108
386,Colin Green,(814) 230-3769,dictum.magna@outlook.couk,Mexico,12/05/2023,744112,Chandigarh,4,109
387,Nicholas Shaffer,1-807-779-9233,tellus.faucibus@aol.org,Netherlands,25/04/2023,837072,Chhattisgarh,1,109
388,Kaye Morgan,1-266-267-5629,sodales.at@yahoo.ca,Germany,03/03/2023,945526,Assam,2,110
389,Reuben Dillon,1-835-756-2332,tellus@hotmail.ca,Netherlands,23/06/2024,236450,Uttarakhand,1,109
390,Anthony Richard,(152) 449-5635,lectus.convallis@google.com,South Africa,05/05/2024,885803,Chhattisgarh,1,102
391,Dylan Frazier,(897) 328-7206,porttitor.interdum@icloud.edu,Netherlands,24/12/2022,642154,Andaman and Nicobar Islands,4,110
392,Dane Morrison,(235) 581-4645,mauris.ut@protonmail.org,United States,13/03/2023,913460,Lakshadweep,2,106
393,Ursa Graham,1-762-738-6354,aenean.gravida@outlook.com,Ireland,01/10/2023,707918,Jharkhand,5,108
394,Cooper Mcleod,1-747-633-9913,enim.gravida@aol.org,United States,27/05/2023,985140,Tamil Nadu,1,114
395,Skyler Harrison,1-858-553-1446,quisque@icloud.org,Indonesia,14/11/2024,634357,Manipur,3,111
396,Walker Garza,(811) 574-9263,nisi@icloud.com,South Africa,12/04/2023,10065,Nagaland,4,110
397,Dorian Thomas,(426) 828-2768,dapibus.quam.quis@hotmail.com,Ukraine,07/06/2023,816965,Andaman and Nicobar Islands,1,105
398,Alfreda Vang,1-355-425-5047,tortor.dictum@protonmail.org,United States,02/07/2023,528374,Punjab,2,110
399,Denton Kirk,1-262-260-4845,faucibus.id@hotmail.net,Ukraine,14/07/2023,11282,Rajasthan,2,109
400,Quynn Huff,1-472-178-8538,viverra.maecenas.iaculis@google.org,Austria,17/08/2023,256206,Haryana,3,102
401,Shannon Mendoza,1-460-785-4168,lacinia@protonmail.couk,Ukraine,23/09/2023,262139,Sikkim,2,105
402,Kelly Schwartz,1-319-667-5595,nibh.vulputate.mauris@icloud.net,South Korea,17/09/2023,753154,Nagaland,5,108
403,Alfreda Robbins,1-747-548-3962,ac.sem.ut@outlook.couk,Norway,21/06/2023,351723,Arunachal Pradesh,2,104
404,Leo Marks,1-529-324-2753,ac.turpis@aol.org,Colombia,16/06/2024,871668,Meghalaya,5,105
405,Lydia Duran,(734) 628-8610,primis@protonmail.net,South Korea,13/11/2023,743518,Maharastra,1,105
406,Pandora Hanson,1-543-538-9559,at.sem.molestie@outlook.couk,South Korea,22/11/2023,609836,Jammu and Kashmir,2,111
407,Jolie Woodard,1-857-917-3156,metus.eu.erat@google.edu,Belgium,17/02/2023,556892,Chhattisgarh,4,108
408,Jack Norton,(982) 905-8770,turpis.non@icloud.couk,France,18/02/2023,246887,Maharastra,5,105
409,Jerome Fitzpatrick,(436) 771-9971,vitae.sodales@aol.edu,Vietnam,15/09/2023,268551,Andhra Pradesh,4,108
410,Ocean Fernandez,(416) 228-6089,dictum.phasellus@outlook.net,Ireland,19/11/2024,362189,Nagaland,4,109
411,Lee Weaver,(516) 589-7287,aliquam.enim@hotmail.edu,Spain,07/05/2024,421420,Pondicherry,4,112
412,Hall Scott,(227) 448-5266,velit.dui@protonmail.edu,Brazil,14/03/2023,735323,Tamil Nadu,2,105
413,Abbot Morales,1-867-838-2275,tellus.imperdiet.non@hotmail.couk,South Korea,01/12/2023,443849,Goa,2,111
414,Regina Meyers,1-469-115-8439,conubia@yahoo.org,Singapore,01/03/2024,672646,Haryana,4,112
415,Addison Moses,(349) 645-5193,lorem.vehicula@yahoo.net,South Korea,18/12/2023,392898,Maharastra,4,107
416,Thaddeus Cain,(714) 545-3466,porta.elit@outlook.com,Colombia,28/02/2023,652107,Tamil Nadu,2,108
417,Uriel Bell,1-125-708-8246,proin.dolor@yahoo.net,Pakistan,08/05/2024,940267,Arunachal Pradesh,1,107
418,Sophia Knox,1-747-806-7744,sed.consequat@yahoo.edu,Chile,18/07/2023,536861,Gujarat,4,113
419,Tatyana Best,1-123-388-8374,cras.dictum@protonmail.com,New Zealand,19/03/2023,240728,Manipur,2,109
420,Lewis Carey,1-278-680-1181,nunc@protonmail.couk,France,26/09/2023,782465,Jharkhand,5,112
421,Hedy Powers,1-849-539-0232,nunc.lectus@google.ca,Ukraine,13/11/2024,218381,Karnataka,5,102
422,Cain Walker,(555) 655-6823,ac.mi@google.couk,Pakistan,17/08/2024,893971,Karnataka,3,111
423,Amity Macias,(364) 649-8656,sem@yahoo.edu,China,31/12/2022,471977,Tamil Nadu,4,107
424,Cameran Tucker,(963) 248-2536,ultrices.vivamus@icloud.edu,Costa Rica,03/01/2024,559910,Kerala,4,104
425,Liberty Lynch,(394) 236-0857,faucibus.id@outlook.ca,United Kingdom,04/10/2023,268111,Andaman and Nicobar Islands,2,111
426,Vernon Morrison,1-696-415-3562,enim.nisl@yahoo.edu,Vietnam,15/09/2023,866053,Sikkim,5,106
427,Kai Blanchard,(787) 924-7341,amet.faucibus@protonmail.com,Canada,24/03/2024,783078,Assam,5,101
428,Karly Goodman,1-708-840-4377,morbi.tristique@icloud.couk,Costa Rica,12/08/2023,30056,Uttarakhand,2,109
429,Kato Callahan,(236) 235-4447,vulputate.eu.odio@hotmail.net,South Africa,14/04/2023,305092,West Bengal,3,108
430,Caldwell Weiss,1-780-307-5273,dictum.augue@protonmail.edu,Mexico,10/05/2024,483843,Tamil Nadu,4,109
431,Echo Collier,(207) 981-5113,conubia.nostra.per@protonmail.couk,France,26/07/2024,430426,Gujarat,4,104
432,Merritt Salas,(611) 284-3432,nulla@protonmail.couk,South Korea,17/04/2024,534223,Daman and Diu,2,109
433,Baxter Wilder,(985) 723-0935,aliquam.gravida@protonmail.com,Netherlands,17/11/2024,105831,Uttarakhand,4,101
434,Shannon Hogan,(244) 211-5433,accumsan.convallis@aol.ca,Nigeria,29/09/2024,984642,Mizoram,4,108
435,Josiah Reilly,(479) 752-2562,dapibus.gravida@hotmail.ca,Philippines,03/01/2024,847058,Jharkhand,2,103
436,Herman O'donnell,(711) 283-7412,mi@hotmail.com,United States,10/06/2024,505058,Tripura,3,110
437,Madison Hoffman,(558) 146-1312,gravida@aol.edu,Russian Federation,09/04/2024,531385,Tripura,2,107
438,Nasim Rice,1-784-844-7594,dolor@aol.ca,Ireland,16/12/2024,626013,Bihar,3,105
439,Uma Parks,1-920-363-6481,pede.ultrices.a@google.com,Mexico,29/01/2024,331251,Karnataka,4,104
440,Zia Logan,1-145-520-4170,libero@hotmail.couk,Italy,23/03/2024,539552,Lakshadweep,5,103
441,Berk Vasquez,1-228-970-2208,dignissim@protonmail.ca,Germany,12/12/2023,376598,Rajasthan,3,115
442,Dexter Collins,(264) 445-7577,morbi.quis@icloud.org,United Kingdom,17/03/2023,719684,Arunachal Pradesh,2,104
443,Macey Pickett,1-744-434-3811,viverra.maecenas@google.ca,France,08/06/2024,818142,Chhattisgarh,5,113
444,Wynne Becker,(471) 534-1075,cursus.et@hotmail.couk,Philippines,13/04/2024,174724,Daman and Diu,3,110
445,Igor Conner,1-664-618-1165,quisque.porttitor@outlook.net,Mexico,07/10/2023,842751,Goa,3,114
446,Rhoda Pace,1-635-260-6290,amet.massa.quisque@aol.couk,Peru,03/08/2024,11647,Delhi,1,105
447,Hedley Mendoza,1-131-694-2271,in.consectetuer@yahoo.org,Chile,07/07/2024,233756,Himachal Pradesh,5,114
448,Melodie Anthony,1-321-828-2555,sapien.nunc@icloud.ca,Peru,18/12/2023,429301,Haryana,2,114
449,Jemima Hooper,1-767-919-3547,sollicitudin.commodo.ipsum@icloud.ca,Austria,07/02/2023,492686,Uttarakhand,4,107
450,Cade Allison,1-623-861-2686,tristique@aol.edu,Russian Federation,06/04/2023,101200,Dadra and Nagar Haveli,2,113
451,Arsenio Whitehead,1-457-783-7479,aliquam.erat@protonmail.ca,New Zealand,31/12/2022,250384,Karnataka,2,101
452,Joan Ware,(405) 778-9478,suspendisse.commodo.tincidunt@outlook.ca,France,07/04/2024,742271,Jammu and Kashmir,5,110
453,Fritz Hooper,1-676-314-7336,quis.diam@google.net,Spain,21/07/2023,558465,Assam,3,101
454,Ivory Valdez,1-731-254-5561,arcu@icloud.couk,South Korea,12/11/2024,607273,Manipur,2,104
455,Amena Duffy,(897) 182-5575,nunc.sed@yahoo.couk,Mexico,08/06/2024,139855,Andhra Pradesh,4,106
456,Axel Sullivan,1-729-458-4898,proin@icloud.org,Russian Federation,05/01/2024,638395,Gujarat,2,107
457,Amanda Gamble,1-568-603-1715,sagittis@protonmail.com,Peru,02/05/2023,863275,Daman and Diu,4,111
458,Michelle Hardin,1-314-263-4571,sed.pede@outlook.edu,Sweden,24/06/2023,349127,Tripura,5,112
459,Haviva Mcintosh,(767) 453-8368,ut.quam.vel@icloud.net,Peru,03/07/2023,465649,Assam,3,109
460,Breanna Alvarez,(202) 340-4059,purus.ac.tellus@icloud.net,China,04/04/2024,852014,Madhya Pradesh,1,108
461,Amy Hicks,1-366-874-7254,egestas@protonmail.net,Pakistan,21/01/2024,155850,Andhra Pradesh,3,101
462,Tamara Hayden,(368) 550-3688,id.sapien.cras@icloud.edu,Mexico,10/03/2023,474949,Tripura,1,110
463,Ishmael Beach,(646) 570-5703,diam.duis@icloud.org,Indonesia,06/01/2023,501264,Pondicherry,5,110
464,George Graham,(213) 904-0498,sit.amet@yahoo.net,Belgium,21/08/2024,172581,Pondicherry,1,104
465,Iola Bentley,(233) 271-3322,ut.pharetra@icloud.com,Italy,04/04/2024,779591,Arunachal Pradesh,2,107
466,Reed Glover,1-893-417-5822,primis@protonmail.couk,Germany,30/05/2024,256095,Andhra Pradesh,3,115
467,Seth Glover,1-400-311-1485,sed.sem@protonmail.edu,Turkey,10/05/2024,608947,Odisha,2,113
468,Oprah Mack,1-822-364-4608,ac@yahoo.com,Austria,15/01/2023,440571,Jharkhand,2,110
469,Levi Marquez,1-259-579-1486,dolor.quisque.tincidunt@outlook.edu,Spain,20/03/2023,306066,Jharkhand,2,106
470,Natalie Stout,1-392-253-3107,urna@aol.com,Vietnam,07/04/2024,275310,Daman and Diu,5,101
471,Keane Patton,(348) 606-2523,a.malesuada@yahoo.edu,Chile,05/01/2023,533353,Uttar Pradesh,4,113
472,Byron Dunn,(676) 972-0541,mauris.id@aol.net,Vietnam,06/01/2024,368768,Tamil Nadu,2,104
473,Britanney Webb,1-220-646-8961,at.risus.nunc@outlook.ca,Nigeria,11/11/2023,69592,Andaman and Nicobar Islands,4,114
474,Beau Smith,1-676-595-3466,aliquam.adipiscing@outlook.couk,Austria,19/04/2023,947778,Andaman and Nicobar Islands,1,101
475,Adria Leonard,1-180-272-5531,neque.nullam.nisl@protonmail.net,Pakistan,04/08/2024,479748,Tripura,4,112
476,Victor Cardenas,(618) 606-0104,in.lobortis@google.com,New Zealand,25/01/2023,761249,Goa,2,110
477,Shay Mcfadden,1-761-495-2627,volutpat.nulla@protonmail.edu,Ireland,27/03/2023,688287,Dadra and Nagar Haveli,2,114
478,Heidi Andrews,(303) 934-5554,neque.et@icloud.edu,India,12/06/2023,179629,Jammu and Kashmir,4,105
479,James Velazquez,1-258-322-8462,a.auctor@hotmail.edu,Spain,16/01/2023,128001,Madhya Pradesh,2,115
480,Dacey Williamson,1-254-679-7428,interdum.ligula@hotmail.couk,Austria,03/01/2023,690816,Meghalaya,4,113
481,Lila Petersen,(781) 652-8317,ut.ipsum.ac@hotmail.couk,Mexico,15/03/2024,131913,Odisha,3,106
482,Lee Maxwell,1-813-217-6036,ac.turpis@google.net,Vietnam,26/10/2024,835221,Kerala,3,107
483,Jael Powell,(388) 484-7181,ligula@outlook.net,Philippines,30/11/2023,854809,Punjab,3,106
484,Aileen Bauer,1-411-941-6714,dictum.mi@google.org,Indonesia,18/01/2023,122422,Andaman and Nicobar Islands,2,111
485,Galvin Reid,1-404-864-2401,dolor.quam.elementum@outlook.couk,Ukraine,21/10/2024,860878,Lakshadweep,1,113
486,Igor Foley,1-603-148-1974,donec.vitae@yahoo.com,India,21/05/2023,157482,Karnataka,2,112
487,Joan Spencer,1-958-220-7070,fringilla.ornare.placerat@aol.net,Vietnam,11/01/2024,90307,Arunachal Pradesh,3,102
488,Kitra Whitley,(655) 567-5542,mi.eleifend.egestas@hotmail.com,Sweden,19/02/2024,386732,Tripura,4,111
489,Owen Lindsey,1-783-858-5578,aenean.eget.metus@aol.edu,South Korea,06/08/2023,767348,Gujarat,4,103
490,Nayda Cummings,(306) 784-2168,eget.odio.aliquam@outlook.net,Vietnam,23/07/2024,335120,Mizoram,5,108
491,Ila Long,1-371-862-8638,aliquam@yahoo.couk,Russian Federation,22/10/2023,435974,Goa,3,109
492,Amity Juarez,1-901-583-5797,eget.ipsum@protonmail.ca,New Zealand,08/09/2024,646663,Tripura,2,103
493,Forrest Lindsey,1-311-637-5792,dictum.eu@aol.couk,Pakistan,15/02/2023,734832,Chhattisgarh,5,103
494,Hamilton English,(287) 584-4287,sed@icloud.ca,India,08/09/2024,425121,Madhya Pradesh,5,110
495,Amaya Irwin,1-166-734-8282,rutrum.lorem@protonmail.couk,Colombia,03/09/2024,502750,Dadra and Nagar Haveli,4,103
496,Jade Vazquez,(159) 872-2670,gravida@protonmail.org,Ukraine,20/01/2023,481487,Kerala,2,114
497,Dean Talley,1-547-876-0135,pellentesque.ultricies.dignissim@aol.couk,Australia,24/12/2023,297219,Rajasthan,5,115
498,Lara Terrell,1-484-360-3023,tellus.eu@google.org,Norway,19/12/2022,303984,Karnataka,4,101
499,Lane Powers,(326) 446-6518,dolor.fusce.feugiat@aol.couk,Italy,04/06/2024,84113,Madhya Pradesh,4,103
500,Ella Bird,1-549-116-9835,rhoncus.donec@hotmail.net,Russian Federation,11/05/2023,94384,Meghalaya,4,107
501,Sasha Bauer,(308) 194-4711,ad.litora@hotmail.net,South Africa,17/03/2024,986365,Jharkhand,4,112
502,Germane Chen,(524) 149-7036,dapibus.rutrum@yahoo.net,Canada,29/08/2024,307153,Meghalaya,4,112
503,Acton Mason,(581) 573-9475,cras.sed@yahoo.edu,Ireland,29/12/2022,789636,Chandigarh,4,104
504,Lester Spears,(967) 453-1654,bibendum@outlook.org,Pakistan,26/08/2023,206727,Sikkim,2,110
505,Ray Lawson,1-989-408-3937,orci.tincidunt@outlook.ca,Italy,14/02/2024,952424,Tripura,1,110
506,Clinton Gilmore,1-887-631-7824,vel.convallis@yahoo.edu,South Korea,16/05/2023,943189,Andaman and Nicobar Islands,5,104
507,Erich Foster,(546) 479-8776,nunc.sed.orci@google.net,Russian Federation,20/10/2024,436210,Mizoram,3,109
508,Evelyn Mccullough,(852) 657-4875,at.egestas.a@protonmail.couk,Pakistan,08/03/2023,979275,Punjab,5,115
509,Reagan Morrison,(914) 385-5216,magna.a@outlook.ca,United States,12/02/2024,911329,Arunachal Pradesh,3,108
510,Raphael Anderson,1-106-775-3327,vulputate.lacus@google.net,Costa Rica,14/03/2023,629271,Bihar,2,110
